"ID","Primary_Text","Analyzed_Word","Glosses","Translation","Comment","LGR"
"a1428","namä ezi","namä	ezi","good	morning","Good morning!","","WORD_ALIGNED"
"a1429","zane namä ezi mrmren nzä kwa trikasi ŋatrikwé","zane	namä	ezi	mrmr	=en	nzä	kwa	trikasi	ŋa\trik/wé","DEM:PROX	good	morning	inside	=LOC	1SG.ABS	FUT	story	1SG:NPST:IPFV\tell","In this nice morning, I will tell the story,","","WORD_ALIGNED"
"a1431","tdöfin mane thäkwrath kabe ebar mä ertmakwrath fof","tdöfi	=en	mane	thä\kwr/ath	kabe	ebar	mä	e\rtmak/wrath	fof","PLN	=LOC	which	2|3PL>2|3PL:PST:PFV\hit	man	head	where	2|3PL>2|3PL:PST:IPFV\cut	EMPH","how they killed them at Téndöfi, where they cut off peoples' heads,","","WORD_ALIGNED"
"a1432","faw wbrigwath firrane zanma fof","faw	w\brig/wath	firra	=ane	zan	=ma	fof","payment	2|3PL>3SG.F:PST:IPFV\return	PLN	=POSS.SG	fight	=CHAR	EMPH","and how they took revenge for the attack on Firra village.","","WORD_ALIGNED"
"a1434","zanr fthé zathkäfath fam fthé wkurwath","zan	=r	fthé	za\thkäf/ath	fam	fthé	w\kur/wath","fight	=PURP	when	2|3PL>3SG.F:PST:PFV\start	thought	when	2|3PL>3SG.F:PST:IPFV\split","They discussed their plans before the revenge attack.","","WORD_ALIGNED"
"a1435","nafa wäfiyoknath ote a yasi","nafa	wä\fiyok/nath	ote	a	yasi","3NSG.ERG	2|3DU>3SG.F:PST:IPFV\make	PN	and	PN","Ote and Yasi did that.","","WORD_ALIGNED"
"a1438","bä ane fam wäfiyoknath tamnzüfi","bä	ane	fam	wä\fiyok/nath	tamnzüfi","MED	DEM	thought	2|3DU>3SG.F:PST:IPFV\make	PLN","They planned it in Tamnzüfi.","","WORD_ALIGNED"
"a1440","tamnzüfi mane rä ŋars wazi bä rä forthr fren","tamnzüfi	mane	\rä/	ŋars	wazi	bä	\rä/	forthr	fr	=en","PLN	which	3SG.F:NPST:IPFV\be	river	side	MED	3SG.F:NPST:IPFV\be	PLN	stem	=LOC","Tamnzüfi lies on the other side of the river in the Fothér forest.","","WORD_ALIGNED"
"a1441","fä fof fam wräznath faw brigsir bänema","fä	fof	fam	w\räz/nath	faw	brig	-si	=r	bäne	=ma","DIST	EMPH	thought	2|3DU>3SG.F:PST:IPFV\erect	payment	return	-NMLZ	=PURP	PH	=CHAR","They agreed on a plan to take revenge on them,","","WORD_ALIGNED"
"a1443","nafanme kabe zfth firran mane thäkwrath fof","nafanme	kabe	zfth	firra	=en	mane	thä\kwr/ath	fof","3NSG.POSS	man	tree_base	PLN	=LOC	which	2|3PL>2|3PL:PST:PFV\hit	EMPH","to revenge their clan people, who were killed at Firra,","","WORD_ALIGNED"
"a1444","srank mane sakwrath.","srank	mane	sa\kwr/ath","PN	which	2|3PL>3SG.M:PST:PFV\hit","against those who had killed Srank.","According to Maraga's headhunting story, Srank escaped the attack.","WORD_ALIGNED"
"a1445","watik, fthé wäfiyoknath nafa nima zr ŋarnath mogarkam","watik	fthé	wä\fiyok/nath	nafa	nima	zr	ŋa\rn/ath	mogarkam","then	when	2|3DU>3SG.F:PST:IPFV\make	3NSG.ERG	like_this	tooth	2|3DU:PST:IPFV\do	PLN","When they did so, they allied themselves with (the people of) Mogarkam.","zr ŋarär is a fixed expression meaning 'ally oneself with' (lit. 'do the teeth').","WORD_ALIGNED"
"a1447","kabe zfth fobo nä thwamnzrm fof","kabe	zfth	fobo	nä	thwa\m/nzrm	fof","man	tree_base	DIST:ALL	INDF	2|3PL:PST:DUR\sit	EMPH","Some of their elders were living there.","","WORD_ALIGNED"
"a1448","nima wäfiyoknath fethka kar","nima	wä\fiyok/nath	fethka	kar","like_this	2|3DU>3SG.F:PST:IPFV\make	PLN	village","Likewise with Fethkakar,","","WORD_ALIGNED"
"a1450","nä zr fobo zarath fof","nä	zr	fobo	za\r/ath	fof","INDF	tooth	DIST:ALL	2|3PL>3SG.F:PST:PFV\do	EMPH","they also allied themselves with them,","","WORD_ALIGNED"
"a1451","nä zbo zf nafanme kabe zfth fefe faremanemedbo","nä	zbo	zf	nafanme	kabe	zfth	fefe	farem	=ane	=medbo","INDF	PROX:ALL	ABSC	3NSG.POSS	man	tree_base	really	PLN	=POSS.SG	=ALL.ANIM.NSG","some came from here, some of their elders were from the Farem people.","","WORD_ALIGNED"
"a1452","ane zr fthé ŋarnath","ane	zr	fthé	ŋa\rn/ath","DEM	tooth	when	2|3DU:PST:IPFV\do","So they had formed an alliance at that time.","","WORD_ALIGNED"
"a1453","watik, kabe zba eyaka bobo bäne tämnzüfi","watik	kabe	zba	e\yak/a	bobo	bäne	tämnzüfi","then	man	PROX:ABL	2|3PL:PST:IPFV\walk	MED:ALL	PH.ABS	PLN","Next the headhunters walked from here to whatchamacallit, to Tämnzüfi.","","WORD_ALIGNED"
"a1455","fä ŋamosinzath wärzwänzath","fä	ŋa\mosi/nzath	wä\rzwä/nzath","DIST	2|3PL:PST:IPFV\gather	2|3PL>3SG.F.IO:PST:IPFV\discuss","They gathered there and discussed things,","","WORD_ALIGNED"
"a1456","monme kwa thräkwrmth fof tdöfin kabe","mon	=me	kwa	thrä\kwr/mth	fof	tdöfi	=en	kabe","how	=INS	FUT	2|3PL>2|3PL:IRR:PFV:DUR\hit	EMPH	PLN	=LOC	people","how they will attack the people of Téndöfi.","","WORD_ALIGNED"
"a1458","tdöfin kabe fäth bä mane thwamnzrm fof safsane kabe erera","tdöfi	=en	kabe	fäth	bä	mane	thwa\m/nzrm	fof	safs	=ane	kabe	e\rä/ra","PLN	=LOC	man	DIM	MED	which	2|3PL:PST:DUR\sit	EMPH	PLN	=POSS.SG	people	2|3PL:PST:IPFV\be","A few people living in Téndöfi were from Safés.","","WORD_ALIGNED"
"a1460","mafa zr ŋarerath firra ebarr fof","mafa	zr	ŋa\rä/rath	firra	ebar	=r	fof","who.ERG.NSG	tooth	2|3PL:PST:IPFV\do	PLN	head	=PURP	EMPH","They had formed an alliance in the attack on Firra.","","WORD_ALIGNED"
"a1462","watik, anema fobo fof faw brigsir zathkäfath fof","watik	ane	=ma	fobo	fof	faw	brig	-si	=r	za\thkäf/ath	fof","then	DEM	=CHAR	DIST:ALL	EMPH	payment	return	-NMLZ	=PURP	2|3PL>3SG.F:PST:PFV\start	EMPH","This is really why they started the revenge there (in Téndöfi).","","WORD_ALIGNED"
"a1463","kabe fä ŋamosinzath tämnzüfin","kabe	fä	ŋa\mosi/nzath	tämnzüfi	=en","man	DIST	2|3PL:PST:IPFV\gather	PLN	=LOC","So they gathered over there in Tämnzüfi.","","WORD_ALIGNED"
"a1465","zäbthath watik zefarath","zä\bth/ath	watik	ze\far/ath","2|3PL:PST:PFV\finish	then	2|3PL:PST:PFV\set_off","They finished (their discussions) and got going.","","WORD_ALIGNED"
"a1467","tämnzüfa zefarath sazäthi","tämnzüfi	=fa	ze\far/ath	sazäthi","PLN	=ABL	2|3PL:PST:PFV\set_off	PLN","They went from Tämnzüfi to Sazäthi.","","WORD_ALIGNED"
"a1468","sazäthifa foba zartmath  trn zäre","sazäthi	=fa	foba	za\rtm/ath	trn_zäre","PLN	=ABL	DIST:ABL	2|3PL>3SG.F:PST:PFV\cut	PLN","From Sazäthi, they took a shortcut to Térén Zäre.","","WORD_ALIGNED"
"a1470","trn zärefa eyaka käs","trn_zäre	=fa	e\yak/a	käs","PLN	=ABL	2|3PL:PST:IPFV\walk	PLN","From Térén Zäre they walked to Käs.","","WORD_ALIGNED"
"a1471","käsen fä fof ŋamosinzath fof","käs	=en	fä	fof	ŋa\mosi/nzath	fof","PLN	=LOC	DIST	EMPH	2|3PL:PST:IPFV\gather	EMPH","They gathered in Käs","","WORD_ALIGNED"
"a1472","ŋamothwath kabe yf ane fof efathwath","ŋa\moth/wath	kabe	yf	ane	fof	e\fath/wath","2|3PL:PST:IPFV\sit_together	people	name	DEM	EMPH	2|3PL>2|3PL:PST:IPFV\hold","and sat closely together calling out the names (of their victims).","","WORD_ALIGNED"
"a1473","fr thmthm egarwath wämne","fr	thm~	thm	e\gar/wath	wämne","post	REDUP~	nose	2|3PL>2|3PL:PST:IPFV\break	tree","They were breaking small sticks,","","WORD_ALIGNED"
"a1474","wämne nima egarwath fr","wämne	nima	e\gar/wath	fr","tree	like_this	2|3PL>2|3PL:PST:IPFV\break	post","they broke the stick like this,","","WORD_ALIGNED"
"a1475","fr thmthm yfkarä","fr	thm~	thm	yf	=karä","post	REDUP~	nose	name	=PROP","and they put a name to each little twig.","","WORD_ALIGNED"
"a1476","ane kabeane yf nä swägarnzth ane kabeane yf nä swägarnzth","ane	kabe	ane	yf	nä	swä\gar/nzth	ane	kabe	ane	yf	nä	swä\gar/nzth","DEM	man	=POSS.SG	name	INDF	2|3PL>3SG.M.IO:NPST:IPFV\break	DEM	man	=POSS.SG	name	INDF	2|3PL>3SG.M.IO:NPST:IPFV\break","For this man's name they broke one stick, and for that man's name they broke another stick.","","WORD_ALIGNED"
"a1478","thäbthath rnzam fobo erera fof boba wazi tdöfin thwamnzrm ŋare ngenge kabe","thä\bth/ath	rnzam	fobo	e\rä/ra	fof	boba	wazi	tdöfi	=en	thwa\m/nzrm	ŋare	nge~	nge	kabe","2|3PL>2|3PL:PST:PFV\finish	how_many	DIST:ALL	2|3PL:PST:IPFV\be	EMPH	MED:ABL	side	PLN	=LOC	2|3PL:PST:DUR\sit	woman	REDUP~	child	man","They did this for as many people as lived on the other side of the river in Téndöfi, for every woman, for the children and for the men.","","WORD_ALIGNED"
"a1481","nä kabe yara nzenmema zane karma zf faremma","nä	kabe	ya\r/a	nzenme	=ma	zane	kar	=ma	zf	farem	=ma","INDF	man	3SG.M:PST:IPFV\be	1NSG.POSS	=CHAR	DEM:PROX	village	=CHAR	ABSC	PLN	=CHAR","But there was one man (amongst the headhunters) who was from our clan, from this village here, from the Farem people.","","WORD_ALIGNED"
"a1484","safskarä mafä thäritath fof fi bobo sfrärm tdöfin","safs	kar	=ä	mafä	thä\rit/ath	fof	fi	bobo	sf\rä/rm	tdöfi	=en","PLN	village	=ASSOC	who.ASSOC.PL	2|3PL>2|3PL:PST:PFV\cross	EMPH	3.ABS	MED:ALL	3SG.M:PST:DUR\be	PLN	=LOC","He had exchanged wives with the people from Safés, and (this family) was also there in Téndöfi.","","WORD_ALIGNED"
"a1486","wati, naf thärkora ""nzone fäms fobo yamnzr","wati	naf	thär\kor/a	nzone	fäms	fobo	ya\m/nzr","then	3SG.ERG	SG>2|3PL:PST:PFV\speak	1SG.POSS	exchange	DIST:ALL	3SG.M:NPST:IPFV\sit","So he told the others: ""My exchange man is staying there.","","WORD_ALIGNED"
"a1487","nzone fäms ŋare fobo fof rä","nzone	fäms	ŋare	fobo	fof	\rä/","1SG.POSS	exchange	woman	DIST:ALL	EMPH	3SG.F:NPST:IPFV\be","My exchange woman is also there.","","WORD_ALIGNED"
"a1488","nzä zöbthé kwa wiyak","nzä	zöbthé	kwa	w\yak/","1SG.ABS	first	FUT	1SG:NPST:IPFV\walk","I will go ahead.","","WORD_ALIGNED"
"a1489","kwa srantrifé fof fämsn""","kwa	sran\trif/é	fof	fäms	=n","FUT	1SG>3SG.M.IO:IRR:PFV:VENT\tell	EMPH	exchange	=DAT.SG","I will tell my exchange man (what's coming).""","","WORD_ALIGNED"
"a1491","ŋarsfa foba zabrmako katan bobo bräro fof","ŋars	=fa	foba	za\bram/ako	katan	bobo	b=	\rä/ro	fof","river	=ABL	DIST:ABL	SG>3SG.F:PST:PFV:AND\follow	small	MED:ALL	MED=	3SG.F:NPST:IPFV:AND\be	EMPH","He followed the riverbank for a short distance,","","WORD_ALIGNED"
"a1492","käsfa zzagrmär","käs	=fa	z~	zagr	=mär","PLN	=ABL	REDUP~	far	=PRIV","not far from Käs.","","WORD_ALIGNED"
"a1493","watik fobo fof gardar sarna fof","watik	fobo	fof	garda	=r	sa\rn/a	fof","then	DIST:ALL	EMPH	canoe	=PURP	3SG.M:PST:PFV\shout	EMPH","Then he called out for the canoe.","","WORD_ALIGNED"
"a1494","gardar yannor nafafämsf srenkaris ""oh kabe byannor gardar""","garda	=r	yan\nor/	nafa-	fäms	=f	sren\karis/	oh	kabe	b=	yan\nor/	garda	=r","canoe	=PURP	3SG.M:NPST:IPFV:VENT\shout	3.POSS-	exchange	=ERG.SG	2|3SG>3SG.M:IRR:PFV:VENT\hear	oh	man	MED=	3SG.M:NPST:IPFV:VENT\shout	canoe	=PURP","As he was calling for the canoe, his exchange man heard him (and said) ""Oh, someone is calling for the canoe.""","","WORD_ALIGNED"
"a1496","watik nima yara fof","watik	nima	ya\r/a	fof","then	like_this	3SG.M:PST:IPFV\be	EMPH","Well, he looked like this,","","WORD_ALIGNED"
"a1498","z ŋaroyakwa ane fof tarazü","z	ŋa\royak/wa	ane	fof	tarazü","ALR	SG:PST:IPFV\dress	DEM	EMPH	headdress","he was already dressed up wearing his headdress","","WORD_ALIGNED"
"a1499","nabi dunzi fyara fof","nabi	dunzi	f=	ya\r/a	fof","bow	arrow	DIST=	3SG.M:PST:IPFV\be	EMPH","and he was carrying his bow and arrow.","","WORD_ALIGNED"
"a1500","nafafäms yanyak fobo fof sremar fof","nafa-	fäms	yan\yak/	fobo	fof	sre\mar/	fof","3.POSS-	exchange	3SG.M:NPST:IPFV:VENT\come	DIST:ALL	EMPH	2|3SG>3SG.M:IRR:PFV\see	EMPH","His exchange man came and he looked at him.","","WORD_ALIGNED"
"a1502","sukufa srar zi nge fof","sukufa	sra\r/	zi	nge	fof","tobacco	2|3SG>3SG.M.IO:IRR:PFV\give	pain	child	EMPH","He gave him tobacco, really strong tobacco.","zi nge 'child of pain' is a metaphor for strong tobacco.","WORD_ALIGNED"
"a5644","nafafämsf mane thwanathrm zba mane yakako fof","nafa-	fäms	=f	mane	thwa\na/thrm	zba	mane	\yak/ako	fof","3.POSS-	exchange	=ERG.SG	which	SG>2|3PL:PST:DUR\eat	PROX:ABL	which	3SG.M:PST:IPFV:AND\walk	EMPH","His exchange man was smoking it first, the one who went from here,","","WORD_ALIGNED"
"a1503","zanr mane yakako fof","zan	=r	mane	\yak/ako	fof","fight	=PURP	which	3SG.M:PST:IPFV:AND\walk	EMPH","the one who had come for killing them.","","WORD_ALIGNED"
"a1504","watik sukufa ane rära zi nge","watik	sukufa	ane	\rä/ra	zi	nge","then	tobacco	DEM	3SG.F:PST:IPFV\be	pain	child","Anyway, it was really strong tobacco.","","WORD_ALIGNED"
"a1505","sukufa srar sukufa krekar","sukufa	sra\r/	sukufa	kre\kar/","tobacco	2|3SG>3SG.M.IO:IRR:PFV\give	tobacco	2|3SG:IRR:PFV\pull","He gave him the tobacco and he puffed it.","","WORD_ALIGNED"
"a1506","keke naf nima zära ""sukufa zane zisé zwar. rma zisé zwar?""","keke	naf	nima	zä\r/a	sukufa	zane	zisé	zwa\r/	rma	zisé	zwa\r/","NEG	3SG.ERG	like_this	SG:PST:PFV\do	tobacco	DEM:PROX	painful	2|3SG>1SG.IO:RPST:PFV\give	why	painful	2|3SG>1SG.IO:RPST:PFV\give","But he did not understand (the sign), and (thought) ""He gave me this strong tobacco. Why did he give me the strong tobacco?""","The strong tobacco was meant as a warning message.","WORD_ALIGNED"
"a1508","watik, thrma thamin yafrtha","watik	thrma	thamin	ya\fr/tha","then	later	tongue	SG>3SG.M.IO:PST:IPFV\bite","Later he was biting his tongue towards him.","As another warning sign.","WORD_ALIGNED"
"a1510","nima yafrtha noku yam wfänza fof","nima	ya\fr/tha	noku	yam	w\fä/nza	fof","like_this	SG>3SG.M.IO:PST:IPFV\bite	anger	event	SG>3SG.F:PST:IPFV\present	EMPH","He bit (on his tongue) in an aggressive way.","","WORD_ALIGNED"
"a1513","watik nafafäms fam fthé fof zära nima ""zan kabe yé zane""","watik	nafa-	fäms	fam	fthé	fof	zä\r/a	nima	zan	kabe	\yé/	zane","then	3.POSS-	exchange	thought	when	EMPH	SG:PST:PFV\do	like_this	fight	man	3SG.M:NPST:IPFV\be	DEM:PROX","That's when his exchange man understood the message and thought ""This is a headhunter.""","","WORD_ALIGNED"
"a1515","watik kraritth bern","watik	kra\rit/th	b=	e\rn/","then	2|3DU:IRR:PFV\cross	MED=	2|3DU:NPST:IPFV\be","They crossed the river there.","","WORD_ALIGNED"
"a1516","sukufa ärithr nafathufthnm nafangom karnm ämnzr","sukufa	ä\ri/thr	nafa-	thufth	=nm	nafa-	ngom	kar	=nm	ä\m/nzr","tobacco	2|3SG>2|3PL.IO:NPST:IPFV\give	3.POSS-	in_law	=DAT.NSG	3.POSS-	brother_in_law	place	=DAT.NSG	2|3PL:NPST:IPFV\sit","He gave tobacco to his in-laws, to his brothers-in-law and they sat down.","","WORD_ALIGNED"
"a1520","watik, fämsf sräkor fäms ""fof krarifthe","watik	fäms	=f	srä\kor/	fäms	fof	kra\rifth/e","then	exchange	=ERG.SG	2|3SG>3SG.M:IRR:PFV\speak	exchange	EMPH	1DU:IRR:IPFV\send","Then, his exchange told him, ""Let's say goodbye.","","WORD_ALIGNED"
"a1521","nzä fof ŋafarkwr fof""","nzä	fof	ŋa\fark/wé	fof","1SG.ABS	EMPH	1SG:NPST:IPFV\set_off	EMPH","I will set off now.""","","WORD_ALIGNED"
"a1522","nä bana mane erera keke thätrifa nafafämsf","nä	bana	mane	e\rä/ra	keke	thä\trif/a	nafa-	fäms	=f","INDF	pityful	which	2|3PL:PST:IPFV\be	NEG	SG>2|3PL.IO:PST:PFV\tell	3.POSS-	exchange	=ERG.SG","As for those other poor guys, his exchange man did not tell them.","","WORD_ALIGNED"
"a1523","watik, fi nima zefara zyé","watik	fi	nima	ze\far/a	z=	\yé/","then	3.ABS	like_this	SG:PST:PFV\set_off	PROX=	3SG.M:NPST:IPFV\be","Then he left like this,","","WORD_ALIGNED"
"a1524","zärita","zä\rit/a","2|3SG:PST:PFV\cross","he crossed the river.","","WORD_ALIGNED"
"a1525","fi miyatha sfrärm nima zanr zane swanyak","fi	miyatha	sf\rä/rm	nima	zan	=r	zane	swan\yak/","3.ABS	knowledge	3SG.M:PST:DUR\be	like_this	fight	=PURP	DEM:PROX	3SG.M:RPST:IPFV:VENT\come","But he knew that this one had come for an attack.","","WORD_ALIGNED"
"a1527","kabe emarwr","kabe	e\mar/wr","people	2|3SG>2|3PL:NPST:IPFV\see","He was spying on the people.","","WORD_ALIGNED"
"a1528","nafaŋare zräkor ""ni krafare""","nafa-	ŋare	zrä\kor/	ni	kra\far/e","3.POSS-	wife	2|3SG>3SG.F:IRR:PFV\speak	1NSG	1DU:IRR:PFV\set_off","So he told his wife ""We are going to leave!""","","WORD_ALIGNED"
"a1529","watik nafafämsf sräkor watik garda bana kwa srärité","watik	nafa-	fäms	=f	srä\kor/	watik	garda	bana	kwa	srä\rit/é","then	3.POSS-	exchange	=ERG.SG	2|3SG>3SG.M:IRR:PFV\speak	then	canoe	pityful	FUT	1SG>3SG.M:IRR:PFV\cross","The exchange man told him: ""I will take the old canoe across and","","WORD_ALIGNED"
"a1530","nama we n kränbrimé fof","nama	we	n	krän\brim/é	fof","two_days_away	also	IMN	1SG:IRR:PFV:VENT\return	EMPH","I will come back the day after tomorrow.""","","WORD_ALIGNED"
"a1531","watik, krarifthth nafafäms zefarako","watik	kra\rifth/th	nafa-	fäms	ze\far/ako","then	2|3DU:IRR:PFV\send	3.POSS-	exchange	SG:PST:PFV:AND\set_off","They said goodbye to each other and his exchange man left.","","WORD_ALIGNED"
"a1532","fi zärita yanyak kabe thrämosir","fi	zä\rit/a	yan\yak/	kabe	thrä\mosi/r","3.ABS	2|3SG:PST:PFV\cross	3SG.M:NPST:IPFV:VENT\come	people	2|3SG>2|3PL:IRR:PFV\gather","He went across and met the other headhunters.","","WORD_ALIGNED"
"a1534","""o nima rä nima rä nima rä nima tüfr kabe erä, nima tüfr ŋare erä nge nge","o	nima	\rä/	nima	\rä/	nima	\rä/	nima	tüfr	kabe	e\rä/	nima	tüfr	ŋare	e\rä/	nge~	nge","or	like_this	3SG.F:NPST:IPFV\be	like_this	3SG.F:NPST:IPFV\be	like_this	3SG.F:NPST:IPFV\be	like_this	plenty	man	2|3PL:NPST:IPFV\be	like_this	plenty	woman	2|3PL:NPST:IPFV\be	REDUP~	child","(He told tem) ""It is like this and like this. There are lots of men, women and children.","","WORD_ALIGNED"
"a1537","fäms z zefaro""","fäms	z	ze\far/o","exchange	ALR	SG:RPST:PFV:AND\set_off","My exchange man left already.""","","WORD_ALIGNED"
"a1538","watik kafar mane sfrärm finzo sagathinzath mogarkamma","watik	kafar	mane	sf\rä/rm	fi	=nzo	sa\gathinz/ath	mogarkam	=ma","then	big	which	3SG.M:PST:DUR\be	3.ABS	=ONLY	2|3PL>3SG.M:PST:PFV\leave	PLN	=CHAR","Okay, there was an old man from Mongarkam. They left only him behind (in the camp).","","WORD_ALIGNED"
"a1542","kabe naf fr thmthm mane erera we nima tätüme thänarnza fof","kabe	naf	fr	thm~	thm	mane	e\rä/ra	we	nima	tätü	=me	thä\nar/nza	fof","man	3SG.ERG	post	REDUP~	nose	which	2|3PL:PST:IPFV\be	also	like_this	coconut_shell	=INS	SG>2|3PL:PST:PFV\press_down	EMPH","He was the one who kept these small branches covered with a coconut shell.","This ensures that the victims remain in the dark about their impending fate.","WORD_ALIGNED"
"a1543","tätüme thrärnarnz watik, fi fobo fof swamnzrm","tätü	=me	thrär\nar/nz	watik	fi	fobo	fof	swa\m/nzrm","coconut_shell	=INS	SG>2|3PL:IRR:PFV\press_down	then	3.ABS	DIST:ALL	EMPH	3SG.M:PST:DUR\sit","He had to push down the coconut shell. So he stayed behind.","","WORD_ALIGNED"
"a1544","tätü fof bänema tmod ane äfiyokwa fof","tätü	fof	bäne	=ma	tmod	ane	ä\fiyok/wa	fof","coconut_shell	EMPH	PH	=CHAR	spell	DEM	SG>2|3PL:PST:IPFV\make	EMPH","Using a coconut shell, he bewitched them with this spell.","","WORD_ALIGNED"
"a1545","tmod ane zräkorth tmatm","tmod	ane	zrä\kor/th	tmatm","spell	DEM	2|3PL>3SG.F:IRR:PFV\speak	action","This action is called tmod.","","WORD_ALIGNED"
"a1546","keke kwa kräfänir fof kabe gamokarä ane thänarnzath fof","keke	kwa	krä\fänir/	fof	kabe	gamo	=karä	ane	thä\nar/nzath	fof","NEG	FUT	2|3SG:IRR:PFV\shift_place	EMPH	man	spell	=PROP	DEM	2|3SG:PL>2|3PL:PST:PFV\press_down	EMPH","One cannot move (the coconut shell). It keeps (the victims) suppressed with the spell.","","WORD_ALIGNED"
"a1548","tätü mä swamnzrm wämne tnz enthärkunzath aneme tätü zanarnzath fof","tätü	mä	swa\m/nzrm	wämne	tnz	en\thärku/nzath	ane	=me	tätü	za\nar/nzath	fof","coconut_shell	where	3SG.M:PST:DUR\sit	tree	short	2|3PL>2|3PL:NPST:IPFV:VENT\drag	DEM	=INS	coconut_shell	2|3PL>3SG.F:PST:PFV\press_down	EMPH","They brought short sticks and used them to secure the coconut shell in place.","","WORD_ALIGNED"
"a1550","fi bana mane thfrärm boba mane erera tdöfin","fi	bana	mane	thf\rä/rm	boba	mane	e\rä/ra	tdöfi	=en","3.ABS	pityful	which	2|3PL:PST:DUR\be	MED:ABL	which	2|3PL:PST:IPFV\be	PLN	=LOC","As for the poor people there, the ones in Téndöfi,","","WORD_ALIGNED"
"a1551","komnzo etfth etfthnzo thfrugrm yoganai thfrärm","komnzo	etfth	etfth	=nzo	thf\ru/grm	yoganai	thf\rä/rm","only	sleep	sleep	=ONLY	2|3PL:PST:DUR\sleep	tired	2|3PL:PST:DUR\be","they simply slept soundly. They were very tired.","","WORD_ALIGNED"
"a1553","watik, fi ŋamonegwath ŋamonegwath e zizi kräkor zzbär","watik	fi	ŋa\moneg/wath	ŋa\moneg/wath	e	zizi	krä\kor/	z~	zbär","then	3.ABS	2|3PL:NPST:IPFV\wait	2|3PL:NPST:IPFV\wait	until	afternoon	2|3SG:IRR:PFV\become	REDUP~	night","So the (headhunters) waited and waited until it got late, until dawn.","","WORD_ALIGNED"
"a1555","srima kabe thrärifthth zöbthé thrärifthth","srima	kabe	thrä\rifth/th	zöbthé	thrä\rifth/th","spy	man	2|3PL>2|3PL:IRR:PFV\send	first	2|3PL>2|3PL:IRR:PFV\send","They sent out their spies first.","","WORD_ALIGNED"
"a1556","zöbthé fi efrezrth","zöbthé	fi	e\frez/rth","first	3.ABS	2|3PL>2|3PL:NPST:IPFV\come_up_from_river","They approached from the river","","WORD_ALIGNED"
"a1557","kar foba zumarwrmth","kar	foba	zu\mar/wrmth","village	DIST:ABL	2|3PL>3SG.F:PST:DUR\see","and spied out the village from there.","","WORD_ALIGNED"
"a1558","""o fä erä fä erä fä erä""","o	fä	e\rä/	fä	e\rä/	fä	e\rä/","or	DIST	2|3PL:NPST:IPFV\be	DIST	2|3PL:NPST:IPFV\be	DIST	2|3PL:NPST:IPFV\be","(They were talking:) ""Oh, these ones are there and the other ones are there.""","","WORD_ALIGNED"
"a1559","anemewä kwaritakwrmth ŋaritakwath zan kabe bramöwä farem","ane	=me	=wä	kwa\ritak/wrmth	ŋa\ritak/wath	zan	kabe	bramöwä	farem","DEM	=INS	=EMPH	2|3PL:PST:DUR\cross	2|3PL:PST:IPFV\cross	fight	man	all	PLN","With this (knowledge) they crossed the river. The whole group of headhunters from the Farem crossed over.","","WORD_ALIGNED"
"a1560","zäbtha watik","zä\bth/a	watik","2|3SG:PST:PFV\finish	then","Until everyone was there there.","","WORD_ALIGNED"
"a1561","kwot kar fthé wkrkwath wkrkwath wkrkwath ktkt zäkora fof","kwot	kar	fthé	w\krk/wath	w\krk/wath	w\krk/wath	ktkt	zä\kor/a	fof","properly	village	when	2|3PL>3SG.F:PST:IPFV\block	2|3PL>3SG.F:PST:IPFV\block	2|3PL>3SG.F:PST:IPFV\block	tightness	2|3SG:PST:PFV\become	EMPH","They cordoned off the entire village until they had sealed it off.","","WORD_ALIGNED"
"a1562","fthé fof thränthor fof","fthé	fof	thrän\thor/	fof","when	EMPH	2|3PL:IRR:PFV:VENT\appear	EMPH","That was when the attack began.","","WORD_ALIGNED"
"a1563","tä tä tä tä thethkäfath zan efnzath efnzath efnzath efnzath","				the\thkäf/ath	zan	e\fn/zath	e\fn/zath	e\fn/zath	e\fn/zath","				2|3PL>2|3PL:PST:PFV\start	fight	2|3PL>2|3PL:PST:IPFV\hit	2|3PL>2|3PL:PST:IPFV\hit	2|3PL>2|3PL:PST:IPFV\hit	2|3PL>2|3PL:PST:IPFV\hit","Bang Bang Bang. They shot their arrows and began to fight. They killed them and killed them.","","WORD_ALIGNED"
"a1564","näbi fobo kafar emoth ausi bana rera fof","näbi	fobo	kafar	emoth	ausi	bana	\rä/ra	fof","one	DIST:ALL	big	girl	old_woman	pityful	3SG.F:PST:IPFV\be	EMPH","There was one older girl there.","","WORD_ALIGNED"
"a1565","oroman ote oroman yasi nafa zrakothmth","oroman	ote	yasi	nafa	zra\kothm/th","old_man	PN	PN	3NSG.ERG	2|3DU>3SG.F:IRR:PFV\chase","Old man Ote and Yasi chased her.","","WORD_ALIGNED"
"a1567","zrakothmth zrafafth","zra\kothm/th	zra\faf/th","2|3DU>3SG.F:IRR:PFV\chase	2|3DU>3SG.F:IRR:PFV\hold","They chased her down and grabbed her.","","WORD_ALIGNED"
"a1568","""Oh"" kma thrakor ""ze bane ŋari wr""","oh	kma	thra\kor/				","oh	POT	2|3SG>2|3DU:IRR:PFV\speak				","She tried to tell them: ""Oh, I am one of your sisters.""","She speaks in Wära. A translation to Komnzo would be: ""nzä benme ŋare worä.""","WORD_ALIGNED"
"a5645","""mh né nzafäkuthe fof","mh	n	nza\fäkuth/e	fof","yes	IMN	1PL>2SG:IRR:PFV\take.care	EMPH","(They said) ""Oh, we'll take good care of you.","","WORD_ALIGNED"
"a5646","zena zf mr nthkne!""","zena	zf	mr	n\thkn/e","today	ABSC	neck	1DU>2SG:NPST:IPFV\cut_off","We'll break your neck now!""","","WORD_ALIGNED"
"a5647","zrafafth kata bananzo thrafithwonzth","zra\faf/th	kata	bana	=nzo	thra\fithwonz/th","2|3DU>3SG.F:IRR:PFV\hold	bamboo_knife	pityful	=ONLY	2|3DU>2|3PL:IRR:PFV\take_out","They held her tight and pulled out their bamboo knives.","","WORD_ALIGNED"
"a1571","keke zkwrath mr wthknth","keke	z\kwr/ath	mr	w\thkn/th","NEG	2|3DU>3SG.F:PST:IPFV\hit	neck	2|3DU>3SG.F:NPST:IPFV\cut_off","But they did not manage to kill her. They just cut the neck.","","WORD_ALIGNED"
"a1573","kma zane garsir zfrnmth di kam fof","kma	zane	gar	-si	=r	zf\rn/mth	di	kam	fof","POT	DEM:PROX	break	-NMLZ	=PURP	2|3DU>3SG.F:PST:DUR\do	neck	bone	EMPH","They tried to break this neck bone here.","","WORD_ALIGNED"
"a1574","keke ŋa kma bana emoth fäth fä nima kma kwafrnzgwrm","keke	ŋa	kma	bana	emoth	fäth	fä	nima	kma	kwa\frnzg/wrm","NEG	and	POT	pityful	girl	DIM	DIST	like_this	POT	SG:PST:DUR\struggle","They didn't succeed and the poor girl struggled to free herself.","","WORD_ALIGNED"
"a1575","anemewä fi nä zan kabe mane erera zä efnzath kabe bramöwä","ane	=me	=wä	fi	nä	zan	kabe	mane	e\rä/ra	zä	e\fn/zath	kabe	bramöwä","DEM	=INS	=EMPH	3.ABS	INDF	fight	man	which	2|3PL:PST:IPFV\be	PROX	2|3PL>2|3PL:PST:IPFV\hit	man	all","In the meantime, the other headhunters had killed all the other villagers","","WORD_ALIGNED"
"a1576","ritaksi zethkäfath","ritak	-si	ze\thkäf/ath","cross	-NMLZ	2|3PL:PST:PFV\start","and they started to cross the river again.","","WORD_ALIGNED"
"a1577","finzo fä fof ane kafar emothf thwathofiknm","fi	=nzo	fä	fof	ane	kafar	emoth	=f	thwa\thofik/nm","3.ABS	=ONLY	DIST	EMPH	DEM	big	girl	=ERG.SG	SG>2|3DU.IO:PST:DUR\disturb","Only the big girl was still fighting (with the two men).","","WORD_ALIGNED"
"a1578","nima zfzänmth kma traksir n zfrnmth di kam garsir","nima	zf\zä/nmth	kma	trak	-si	=r	n	zf\rn/mth	di	kam	gar	-si	=r","like_this	2|3DU>3SG.F:PST:DUR\carry	POT	fall	-NMLZ	=PURP	IMN	2|3DU>3SG.F:PST:DUR\do	neck	bone	break	-NMLZ	=PURP","They carried her away and threw her to the ground and tried to break her neck, (when one of them said)","","WORD_ALIGNED"
"a1579","""awkt ngemäku, kabe matak erä! z nzngathinzth!""","awkot	ngemäku	kabe	matak	e\rä/	z	nz=	n\gathinz/th","oh_no	adress_term	people	nothing	2|3PL:NPST:IPFV\be	ALR	IMM=	2|3PL>1DU:NPST:IPFV\leave","""Oh brother, everyone is gone. They left us behind.""","ngemäku is used as an address term between a biological parent and the person who has adopted a child. Such pairings are often siblings.","WORD_ALIGNED"
"a1581","wgathiknath fobo fof. frknzo zwanorm. grr kwannzo fobo zwanorm zba mrfa fof","w\gathik/nath	fobo	fof	frk	=nzo	zwa\nor/m	grr	kwan	=nzo	fobo	zwa\nor/m	zba	mr	=fa	fof","2|3DU>3SG.F:PST:IPFV\leave	DIST:ALL	EMPH	blood	=ONLY	3SG.F:PST:DUR\shout	gurgling_sound	shout	=ONLY	DIST:ALL	3SG.F:PST:DUR\shout	PROX:ABL	neck	=ABL	EMPH","They left the girl there. She was bleeding badly and gurgling from her throat.","","WORD_ALIGNED"
"a1583","kramathth berna ""ai"" waro kwan thrarn fof","kra\math/th	b=	e\rn/a	***	waro	kwan	thra\rn/	fof","2|3DU:IRR:PFV\run	MED=	2|3DU:PST:IPFV\be	***	fake	shout	2|3DU:IRR:PFV\shout	EMPH","The two guys ran off. ""Hey!"" They gave a signal.","","WORD_ALIGNED"
"a1585","foba thranyafth","foba	thran\yaf/th","DIST:ABL	2|3PL>2|3DU:IRR:PFV:VENT\answer","The others answered them.","","WORD_ALIGNED"
"a1586","berä gardakarä fobo fof eyan","b=	e\rä/	garda	=karä	fobo	fof	e\yan/","MED=	2|3PL:NPST:IPFV\be	canoe	=PROP	DIST:ALL	EMPH	2|3DU:NPST:IPFV\walk","They were on the other side with the canoe.","","WORD_ALIGNED"
"a1588","ŋaritakwrth ""mon?""","ŋa\ritak/wrth	mon","2|3PL:NPST:IPFV\cross	how","The others crossed the river (and asked) ""What happened?""","","WORD_ALIGNED"
"a1589","""zrkä komnzo zgathinze fof. zane bökwan z zrtme katame","zrkä	komnzo	z\gathinz/e	fof	zane	bökwan	z	z\rtm/e	kata	=me","half	only	1DU>3SG.F:RPST:PFV\leave	EMPH	DEM:PROX	throat	ALR	1DU>3SG.F:RPST:PFV\cut	bamboo_knife	=INS","(They replied) ""We left her half dead. We cut her throat with the bamboo knife.","","WORD_ALIGNED"
"a1591","komnzo bŋatäriwr''","komnzo	b=	ŋa\täri/wr","only	MED=	2|3SG:NPST:IPFV\suffer","She'll just die up there.""","","WORD_ALIGNED"
"a1592","ŋafsinzth ""oh nima tüfr thänkwre tüfrmär thfrä nzenme tüfr thäkwrath""","ŋa\fsi/nzth	oh	nima	tüfr	thän\kwr/e	tüfr	=mär	thf\rä/	nzenme	tüfr	thä\kwr/ath","2|3PL:NPST:IPFV\count	oh	like_this	plenty	1PL>2|3PL:RPST:PFV:VENT\hit	plenty	=PRIV	2|3PL:RPST:IPFV\be	1NSG.POSS	plenty	2|3PL>2|3PL:PST:PFV\hit","Then they took stock: ""Oh, we killed so and so many of them, not many. But they killed many of us.""","","WORD_ALIGNED"
"a1594","erugr ewäkwr","e\ru/gr	e\wäk/wr","2|3PL:NPST:IPFV\sleep	2|3PL:NPST:IPFV\daybreak_on_sb","They slept and woke up in the morning.","","WORD_ALIGNED"
"a1595","buay äniyak äniyak sazäthi","buay	än\yak/	än\yak/	sazäthi","running_away	2|3PL:NPST:IPFV:VENT\come	2|3PL:NPST:IPFV:VENT\come	PLN","They rushed off and came to Sazäthi.","","WORD_ALIGNED"
"a1596","äniyak mdüfi","än\yak/	mdüfi","2|3PL:NPST:IPFV:VENT\come	PLN","Next, they came to Méndüfi.","","WORD_ALIGNED"
"a1598","fä fof wath thräntrifth ebar wath","fä	fof	wath	thrän\trif/th	ebar	wath","DIST	EMPH	dance	2|3PL>2|3PL.IO:IRR:PFV:VENT\tell	head	dance","This is where they would sing a headhunting song.","","WORD_ALIGNED"
"a1599","""eh"" ausiausiyé badayé foba krekaristh","eh	ausi~	ausi	=é	bada	=é	foba	kre\karis/th","hey	REDUP~	old_woman	=ERG.NSG	ancestor	=ERG.NSG	DIST:ABL	2|3PL:IRR:PFV\hear","""Hey"", the old women and the grandmothers heard them (and said)","","WORD_ALIGNED"
"a1601","""z thänkwrth zännor""","z	thän\kwr/th	z=	än\nor/","ALR	2|3PL>2|3PL:RPST:PFV:VENT\hit	PROX=	2|3PL:NPST:IPFV:VENT\shout","""They've already killed them. Now they're coming back singing.""","","WORD_ALIGNED"
"a1602","ausiausi ŋafyenwrth kafarkafar nä","ausi~	ausi	ŋa\fyen/wrth	kafar~	kafar	nä","REDUP~	old_woman	2|3PL:NPST:IPFV\line.up	REDUP~	big	INDF","The women and some older women stood in a row,","","WORD_ALIGNED"
"a1604","nafa krethkäfth fthé kwamnzokwrmth zzarkarä","nafa	kre\thkäf/th	fthé	kwa\mnzok/wrmth	zzar	=karä","3NSG.ERG	2|3PL:IRR:PFV\start	when	2|3PL:PST:DUR\bounce	fish_net	=PROP","and they started jumping up and down holding their fishing nets.","","WORD_ALIGNED"
"a1605","krethkäfth fi benrä ebarkarä anemewä thränthor","kre\thkäf/th	fi	b=	en\rä/	ebar	=karä	ane	=me	=wä	thrän\thor/","2|3PL:IRR:PFV\start	3.ABS	MED=	2|3PL:NPST:IPFV:VENT\be	head	=PROP	DEM	=INS	=EMPH	2|3PL:IRR:PFV:VENT\appear","The (men) began to approach the village and held the heads","","WORD_ALIGNED"
"a1607","watik ebar ane fof zzarfo threthkäfth bäne fof thorsi","watik	ebar	ane	fof	zzar	=fo	thre\thkäf/th	bäne	fof	thor	-si","then	head	DEM	EMPH	fish_net	=ALL	2|3PL>2|3PL:IRR:PFV\start	PH.ABS	EMPH	enter	-NMLZ","and they began to whatchamacallit ... to put the heads in the fishing nets.","","WORD_ALIGNED"
"a1610","ekarkwrth thräbthth","e\kark/wrth	thrä\bth/th","2|3PL>2|3PL:NPST:IPFV\take	2|3PL>2|3PL:IRR:PFV\finish","They took them to the old people and finished (the ritual).","","WORD_ALIGNED"
"a1611","watik ŋamsakwath fof kwathwekwrmth kafar brubru sufnzrmth oh","watik	ŋa\msak/wath	fof	kwa\thwek/wrmth	kafar	brubru	su\fn/zrmth	oh","then	2|3PL:PST:IPFV\sit	EMPH	2|3PL:PST:DUR\rejoice	big	drum	2|3PL>3SG.M:PST:DUR\hit	oh","Then they sat down and enjoyed themselves. They beat the big drum (to let everyone know).","","WORD_ALIGNED"
"a1614","zba zf thwarizrmth","zba	zf	thwa\riz/rmth","PROX:ABL	ABSC	2|3PL>2|3PL:PST:DUR\hear","The people heard this (and said)","","WORD_ALIGNED"
"a1615","""z thänkwrth","z	thän\kwr/th","ALR	2|3PL>2|3PL:RPST:PFV:VENT\hit","""They've killed them already.","","WORD_ALIGNED"
"a1616","thäkwrth fof farem fethkar mogarkam""","thä\kwr/th	fof	farem	fethkar	mogarkam","2|3PL>2|3PL:RPST:PFV\hit	EMPH	PLN	PLN	PLN","The Farem people, the Fethka people and the Mongarkam people killed them.""","","WORD_ALIGNED"
"a1620","watik, nezä fobo fof zan wythka fof","watik	nezä	fobo	fof	zan	w\ythk/a	fof","then	in_return	DIST:ALL	EMPH	fight	3SG.F:PST:IPFV\come_to_end	EMPH","That was the end of the revenge.","","WORD_ALIGNED"
"a1621","watik, zanma trikasi tdöfin mane thäkwrath faremma","watik	zan	=ma	trikasi	tdöfi	=en	mane	thä\kwr/ath	farem	=ma","then	fight	=CHAR	story	PLN	=LOC	which	2|3PL>2|3PL:PST:PFV\hit	PLN	=CHAR","Well, the headhunting story about those who were killed at Téndöfi by the Farem,","","WORD_ALIGNED"
"a1624","zbo zf zwythk","zbo	zf	zw\ythk/","PROX:ALL	ABSC	3SG.F:RPST:IPFV\come_to_end","it has come to an end now.","","WORD_ALIGNED"
"a1625","eso kafar benme namä yarizsima","eso	kafar	benme	namä	yariz	-si	=ma","thanks	big	2NSG.POSS	good	hear	-NMLZ	=CHAR","Thank you very much for listening!","","WORD_ALIGNED"
